[{
  "dni": "10816713C",
  "nombre": "Sari Riden",
  "direccion": "7776 Armistice Trail",
  "ciudad": "Bromma",
  "email": "sriden0@answers.com"
}, {
  "dni": "71324039G",
  "nombre": "Mirna Jaggi",
  "direccion": "59433 Ronald Regan Crossing",
  "ciudad": "Bizhbulyak",
  "email": "mjaggi1@washington.edu"
}, {
  "dni": "72204021Y",
  "nombre": "Chauncey Scoterbosh",
  "direccion": "5 Banding Road",
  "ciudad": "Camargo",
  "email": "cscoterbosh2@desdev.cn"
}, {
  "dni": "36888629X",
  "nombre": "Sally Gloy",
  "direccion": "74027 Forest Dale Point",
  "ciudad": "Belajen",
  "email": "sgloy3@weather.com"
}, {
  "dni": "51359037Z",
  "nombre": "Judd Guitt",
  "direccion": "023 Drewry Road",
  "ciudad": "Mostovskoy",
  "email": "jguitt4@scientificamerican.com"
}]